{"cameraMode":{"drawMode":0,"name":"Shaded","section":"Shading Mode"},"sceneLighting":false,"audioPlay":false,"sceneViewState":{"showFog":true,"showMaterialUpdate":false,"showSkybox":true,"showFlares":true,"showImageEffects":true,"showParticleSystems":true},"in2DMode":false,"pivot":{"x":-79.67050170898438,"y":16.99423599243164,"z":7.502994537353516},"rotation":{"x":-0.06711822748184204,"y":0.09920243173837662,"z":-0.006706587504595518,"w":-0.992778480052948},"size":61.62879180908203,"orthographic":false}