{"cameraMode":{"drawMode":0,"name":"Shaded","section":"Shading Mode"},"sceneLighting":false,"audioPlay":false,"sceneViewState":{"showFog":true,"showMaterialUpdate":false,"showSkybox":true,"showFlares":true,"showImageEffects":true,"showParticleSystems":true},"in2DMode":false,"pivot":{"x":-74.21176147460938,"y":29.889999389648439,"z":22.459999084472658},"rotation":{"x":-0.08083586394786835,"y":0.043933894485235217,"z":-0.0035665296018123628,"w":-0.9957523345947266},"size":9.300673484802246,"orthographic":false}